codigo_sis,ci,nombre_completo,sigla_materia,nombre_materia,grupo,gestion,email_docente
202400001,7000001,"Romero Rojas Daniela Ana",INF110,"Introduccion a la Programacion",1,2/2026,docente.titular@fcyt.umss.edu.bo
202400002,7000002,"Gutierrez Rodriguez Jorge Daniela",INF110,"Introduccion a la Programacion",1,2/2026,docente.titular@fcyt.umss.edu.bo
202400003,7000003,"Clarac Quispe Pedro Daniela",INF110,"Introduccion a la Programacion",1,2/2026,docente.titular@fcyt.umss.edu.bo
202400004,7000004,"Gomez Torrico Carlos Jorge",INF110,"Introduccion a la Programacion",1,2/2026,docente.titular@fcyt.umss.edu.bo
202400005,7000005,"Mendoza Castillo Lucia Ricardo",INF110,"Introduccion a la Programacion",1,2/2026,docente.titular@fcyt.umss.edu.bo
202400006,7000006,"Gutierrez Rojas Gabriela Paola",INF110,"Introduccion a la Programacion",1,2/2026,docente.titular@fcyt.umss.edu.bo
202400007,7000007,"Quispe Gutierrez Paola Pedro",INF110,"Introduccion a la Programacion",1,2/2026,docente.titular@fcyt.umss.edu.bo
202400008,7000008,"Fernandez Vargas Juan Jorge",INF110,"Introduccion a la Programacion",1,2/2026,docente.titular@fcyt.umss.edu.bo
202400009,7000009,"Flores Romero Maria Andres",INF110,"Introduccion a la Programacion",1,2/2026,docente.titular@fcyt.umss.edu.bo
202400010,7000010,"Villarroel Castillo Carlos Ricardo",INF110,"Introduccion a la Programacion",1,2/2026,docente.titular@fcyt.umss.edu.bo
202400011,7000011,"Castillo Castillo Lucia Ricardo",INF110,"Introduccion a la Programacion",1,2/2026,docente.titular@fcyt.umss.edu.bo
202400012,7000012,"Rojas Mamani Fernando Juan",INF110,"Introduccion a la Programacion",1,2/2026,docente.titular@fcyt.umss.edu.bo
202400013,7000013,"Flores Castillo Valeria Ana",INF110,"Introduccion a la Programacion",1,2/2026,docente.titular@fcyt.umss.edu.bo
202400014,7000014,"Mendoza Morales Pedro Gabriela",INF110,"Introduccion a la Programacion",1,2/2026,docente.titular@fcyt.umss.edu.bo
202400015,7000015,"Castillo Romero Ana Valeria",INF110,"Introduccion a la Programacion",1,2/2026,docente.titular@fcyt.umss.edu.bo
202400016,7000016,"Castillo Rojas Carlos Daniela",INF110,"Introduccion a la Programacion",1,2/2026,docente.titular@fcyt.umss.edu.bo
202400017,7000017,"Mendoza Fernandez Gabriela Diego",INF110,"Introduccion a la Programacion",1,2/2026,docente.titular@fcyt.umss.edu.bo
202400018,7000018,"Lopez Fernandez Miguel Elena",INF110,"Introduccion a la Programacion",1,2/2026,docente.titular@fcyt.umss.edu.bo
202400019,7000019,"Clarac Mendoza Elena Rodrigo",INF110,"Introduccion a la Programacion",1,2/2026,docente.titular@fcyt.umss.edu.bo
202400020,7000020,"Clarac Fernandez Jorge Juan",INF110,"Introduccion a la Programacion",1,2/2026,docente.titular@fcyt.umss.edu.bo
202400021,7000021,"Chavez Quispe Jorge Juan",INF110,"Introduccion a la Programacion",1,2/2026,docente.titular@fcyt.umss.edu.bo
202400022,7000022,"Mamani Flores Juan Fernando",INF110,"Introduccion a la Programacion",1,2/2026,docente.titular@fcyt.umss.edu.bo
202400023,7000023,"Quispe Rodriguez Gabriela Camila",INF110,"Introduccion a la Programacion",1,2/2026,docente.titular@fcyt.umss.edu.bo
202400024,7000024,"Castillo Mamani Paola Daniela",INF110,"Introduccion a la Programacion",1,2/2026,docente.titular@fcyt.umss.edu.bo
202400025,7000025,"Romero Torrico Andres Elena",INF110,"Introduccion a la Programacion",1,2/2026,docente.titular@fcyt.umss.edu.bo
202400026,7000026,"Castillo Vargas Jorge Maria",INF110,"Introduccion a la Programacion",1,2/2026,docente.titular@fcyt.umss.edu.bo
202400027,7000027,"Villarroel Rojas Fernando Daniela",INF110,"Introduccion a la Programacion",1,2/2026,docente.titular@fcyt.umss.edu.bo
202400028,7000028,"Alvarez Gomez Miguel Diego",INF110,"Introduccion a la Programacion",1,2/2026,docente.titular@fcyt.umss.edu.bo
202400029,7000029,"Alvarez Morales Fernando Rodrigo",INF110,"Introduccion a la Programacion",1,2/2026,docente.titular@fcyt.umss.edu.bo
202400030,7000030,"Torrico Gomez Fernando Elena",INF110,"Introduccion a la Programacion",1,2/2026,docente.titular@fcyt.umss.edu.bo
202400031,7000031,"Rojas Gutierrez Fernando Pedro",INF110,"Introduccion a la Programacion",1,2/2026,docente.titular@fcyt.umss.edu.bo
202400032,7000032,"Perez Alvarez Juan Pedro",INF110,"Introduccion a la Programacion",1,2/2026,docente.titular@fcyt.umss.edu.bo
202400033,7000033,"Romero Perez Fernando Pedro",INF110,"Introduccion a la Programacion",1,2/2026,docente.titular@fcyt.umss.edu.bo
202400034,7000034,"Quispe Mamani Gabriela Andres",INF110,"Introduccion a la Programacion",1,2/2026,docente.titular@fcyt.umss.edu.bo
202400035,7000035,"Lopez Castillo Juan Paola",INF110,"Introduccion a la Programacion",1,2/2026,docente.titular@fcyt.umss.edu.bo
202400036,7000036,"Lopez Gutierrez Ricardo Jorge",INF110,"Introduccion a la Programacion",1,2/2026,docente.titular@fcyt.umss.edu.bo
202400037,7000037,"Morales Vargas Maria Carlos",INF110,"Introduccion a la Programacion",1,2/2026,docente.titular@fcyt.umss.edu.bo
202400038,7000038,"Castillo Mamani Pedro Elena",INF110,"Introduccion a la Programacion",1,2/2026,docente.titular@fcyt.umss.edu.bo
202400039,7000039,"Alvarez Morales Gabriela Valeria",INF110,"Introduccion a la Programacion",1,2/2026,docente.titular@fcyt.umss.edu.bo
202400040,7000040,"Mamani Gutierrez Jorge Ricardo",INF110,"Introduccion a la Programacion",1,2/2026,docente.titular@fcyt.umss.edu.bo
202400041,7000041,"Romero Morales Gabriela Ana",INF110,"Introduccion a la Programacion",1,2/2026,docente.titular@fcyt.umss.edu.bo
202400042,7000042,"Gutierrez Rodriguez Fernando Rodrigo",INF110,"Introduccion a la Programacion",1,2/2026,docente.titular@fcyt.umss.edu.bo
202400043,7000043,"Gutierrez Fernandez Gabriela Pedro",INF110,"Introduccion a la Programacion",1,2/2026,docente.titular@fcyt.umss.edu.bo
202400044,7000044,"Quispe Mamani Lucia Sofia",INF110,"Introduccion a la Programacion",1,2/2026,docente.titular@fcyt.umss.edu.bo
202400045,7000045,"Quispe Lopez Maria Jorge",INF110,"Introduccion a la Programacion",1,2/2026,docente.titular@fcyt.umss.edu.bo
202400046,7000046,"Mendoza Castillo Paola Sofia",INF110,"Introduccion a la Programacion",1,2/2026,docente.titular@fcyt.umss.edu.bo
202400047,7000047,"Castillo Mendoza Diego Lucia",INF110,"Introduccion a la Programacion",1,2/2026,docente.titular@fcyt.umss.edu.bo
202400048,7000048,"Torrico Mamani Elena Elena",INF110,"Introduccion a la Programacion",1,2/2026,docente.titular@fcyt.umss.edu.bo
202400049,7000049,"Flores Mendoza Diego Andres",INF110,"Introduccion a la Programacion",1,2/2026,docente.titular@fcyt.umss.edu.bo
202400050,7000050,"Gomez Quispe Lucia Miguel",INF110,"Introduccion a la Programacion",1,2/2026,docente.titular@fcyt.umss.edu.bo
202400051,7000051,"Gutierrez Mamani Andres Lucia",INF110,"Introduccion a la Programacion",1,2/2026,docente.titular@fcyt.umss.edu.bo
202400052,7000052,"Torrico Chavez Maria Andres",INF110,"Introduccion a la Programacion",1,2/2026,docente.titular@fcyt.umss.edu.bo
202400053,7000053,"Castillo Vargas Valeria Ana",INF110,"Introduccion a la Programacion",1,2/2026,docente.titular@fcyt.umss.edu.bo
202400054,7000054,"Gutierrez Morales Gabriela Miguel",INF110,"Introduccion a la Programacion",1,2/2026,docente.titular@fcyt.umss.edu.bo
202400055,7000055,"Gomez Fernandez Andres Miguel",INF110,"Introduccion a la Programacion",1,2/2026,docente.titular@fcyt.umss.edu.bo
202400056,7000056,"Clarac Mamani Rodrigo Jorge",INF110,"Introduccion a la Programacion",1,2/2026,docente.titular@fcyt.umss.edu.bo
202400057,7000057,"Torrico Rodriguez Ricardo Camila",INF110,"Introduccion a la Programacion",1,2/2026,docente.titular@fcyt.umss.edu.bo
202400058,7000058,"Vargas Mendoza Juan Elena",INF110,"Introduccion a la Programacion",1,2/2026,docente.titular@fcyt.umss.edu.bo
202400059,7000059,"Mendoza Gomez Jorge Andres",INF110,"Introduccion a la Programacion",1,2/2026,docente.titular@fcyt.umss.edu.bo
202400060,7000060,"Rojas Rojas Valeria Ana",INF110,"Introduccion a la Programacion",1,2/2026,docente.titular@fcyt.umss.edu.bo
202400061,7000061,"Castillo Vargas Ricardo Fernando",INF110,"Introduccion a la Programacion",1,2/2026,docente.titular@fcyt.umss.edu.bo
202400062,7000062,"Gutierrez Mamani Jorge Rodrigo",INF110,"Introduccion a la Programacion",1,2/2026,docente.titular@fcyt.umss.edu.bo
202400063,7000063,"Castillo Perez Maria Juan",INF110,"Introduccion a la Programacion",1,2/2026,docente.titular@fcyt.umss.edu.bo
202400064,7000064,"Mendoza Quispe Carlos Pedro",INF110,"Introduccion a la Programacion",1,2/2026,docente.titular@fcyt.umss.edu.bo
202400065,7000065,"Rojas Quispe Elena Diego",INF110,"Introduccion a la Programacion",1,2/2026,docente.titular@fcyt.umss.edu.bo
202400066,7000066,"Rodriguez Rodriguez Fernando Maria",INF110,"Introduccion a la Programacion",1,2/2026,docente.titular@fcyt.umss.edu.bo
202400067,7000067,"Vargas Lopez Gabriela Sofia",INF110,"Introduccion a la Programacion",1,2/2026,docente.titular@fcyt.umss.edu.bo
202400068,7000068,"Morales Chavez Elena Gabriela",INF110,"Introduccion a la Programacion",1,2/2026,docente.titular@fcyt.umss.edu.bo
202400069,7000069,"Castillo Rodriguez Elena Elena",INF110,"Introduccion a la Programacion",1,2/2026,docente.titular@fcyt.umss.edu.bo
202400070,7000070,"Torrico Alvarez Pedro Ricardo",INF110,"Introduccion a la Programacion",1,2/2026,docente.titular@fcyt.umss.edu.bo
202400071,7000071,"Gomez Clarac Gabriela Juan",INF110,"Introduccion a la Programacion",1,2/2026,docente.titular@fcyt.umss.edu.bo
202400072,7000072,"Mamani Rojas Elena Paola",INF110,"Introduccion a la Programacion",1,2/2026,docente.titular@fcyt.umss.edu.bo
202400073,7000073,"Fernandez Romero Diego Jorge",INF110,"Introduccion a la Programacion",1,2/2026,docente.titular@fcyt.umss.edu.bo
202400074,7000074,"Torrico Flores Lucia Fernando",INF110,"Introduccion a la Programacion",1,2/2026,docente.titular@fcyt.umss.edu.bo
202400075,7000075,"Rojas Quispe Ricardo Miguel",INF110,"Introduccion a la Programacion",1,2/2026,docente.titular@fcyt.umss.edu.bo
202400076,7000076,"Fernandez Rodriguez Rodrigo Andres",INF110,"Introduccion a la Programacion",1,2/2026,docente.titular@fcyt.umss.edu.bo
202400077,7000077,"Castillo Gomez Fernando Gabriela",INF110,"Introduccion a la Programacion",1,2/2026,docente.titular@fcyt.umss.edu.bo
202400078,7000078,"Clarac Gomez Rodrigo Gabriela",INF110,"Introduccion a la Programacion",1,2/2026,docente.titular@fcyt.umss.edu.bo
202400079,7000079,"Rojas Gutierrez Paola Camila",INF110,"Introduccion a la Programacion",1,2/2026,docente.titular@fcyt.umss.edu.bo
202400080,7000080,"Torrico Rojas Daniela Lucia",INF110,"Introduccion a la Programacion",1,2/2026,docente.titular@fcyt.umss.edu.bo
202400081,7000081,"Flores Rodriguez Juan Diego",INF110,"Introduccion a la Programacion",1,2/2026,docente.titular@fcyt.umss.edu.bo
202400082,7000082,"Fernandez Morales Maria Fernando",INF110,"Introduccion a la Programacion",1,2/2026,docente.titular@fcyt.umss.edu.bo
202400083,7000083,"Torrico Lopez Maria Sofia",INF110,"Introduccion a la Programacion",1,2/2026,docente.titular@fcyt.umss.edu.bo
202400084,7000084,"Romero Chavez Pedro Gabriela",INF110,"Introduccion a la Programacion",1,2/2026,docente.titular@fcyt.umss.edu.bo
202400085,7000085,"Clarac Mamani Andres Valeria",INF110,"Introduccion a la Programacion",1,2/2026,docente.titular@fcyt.umss.edu.bo
202400086,7000086,"Villarroel Lopez Elena Andres",INF110,"Introduccion a la Programacion",1,2/2026,docente.titular@fcyt.umss.edu.bo
202400087,7000087,"Romero Quispe Jorge Pedro",INF110,"Introduccion a la Programacion",1,2/2026,docente.titular@fcyt.umss.edu.bo
202400088,7000088,"Perez Perez Carlos Paola",INF110,"Introduccion a la Programacion",1,2/2026,docente.titular@fcyt.umss.edu.bo
202400089,7000089,"Chavez Romero Ricardo Andres",INF110,"Introduccion a la Programacion",1,2/2026,docente.titular@fcyt.umss.edu.bo
202400090,7000090,"Alvarez Villarroel Camila Maria",INF110,"Introduccion a la Programacion",1,2/2026,docente.titular@fcyt.umss.edu.bo
202400091,7000091,"Villarroel Castillo Elena Valeria",INF110,"Introduccion a la Programacion",1,2/2026,docente.titular@fcyt.umss.edu.bo
202400092,7000092,"Castillo Quispe Diego Paola",INF110,"Introduccion a la Programacion",1,2/2026,docente.titular@fcyt.umss.edu.bo
202400093,7000093,"Perez Mamani Gabriela Miguel",INF110,"Introduccion a la Programacion",1,2/2026,docente.titular@fcyt.umss.edu.bo
202400094,7000094,"Villarroel Clarac Jorge Diego",INF110,"Introduccion a la Programacion",1,2/2026,docente.titular@fcyt.umss.edu.bo
202400095,7000095,"Mendoza Gutierrez Juan Rodrigo",INF110,"Introduccion a la Programacion",1,2/2026,docente.titular@fcyt.umss.edu.bo
202400096,7000096,"Mamani Morales Sofia Ricardo",INF110,"Introduccion a la Programacion",1,2/2026,docente.titular@fcyt.umss.edu.bo
202400097,7000097,"Gutierrez Rojas Fernando Jorge",INF110,"Introduccion a la Programacion",1,2/2026,docente.titular@fcyt.umss.edu.bo
202400098,7000098,"Lopez Villarroel Elena Daniela",INF110,"Introduccion a la Programacion",1,2/2026,docente.titular@fcyt.umss.edu.bo
202400099,7000099,"Torrico Lopez Elena Paola",INF110,"Introduccion a la Programacion",1,2/2026,docente.titular@fcyt.umss.edu.bo
202400100,7000100,"Fernandez Quispe Rodrigo Fernando",INF110,"Introduccion a la Programacion",1,2/2026,docente.titular@fcyt.umss.edu.bo
202400101,7000101,"Fernandez Mamani Paola Daniela",INF110,"Introduccion a la Programacion",1,2/2026,docente.titular@fcyt.umss.edu.bo
202400102,7000102,"Chavez Fernandez Daniela Valeria",INF110,"Introduccion a la Programacion",1,2/2026,docente.titular@fcyt.umss.edu.bo
202400103,7000103,"Romero Flores Juan Daniela",INF110,"Introduccion a la Programacion",1,2/2026,docente.titular@fcyt.umss.edu.bo
202400104,7000104,"Rojas Alvarez Camila Miguel",INF110,"Introduccion a la Programacion",1,2/2026,docente.titular@fcyt.umss.edu.bo
202400105,7000105,"Villarroel Perez Pedro Diego",INF110,"Introduccion a la Programacion",1,2/2026,docente.titular@fcyt.umss.edu.bo
202400106,7000106,"Mamani Rodriguez Ana Gabriela",INF110,"Introduccion a la Programacion",1,2/2026,docente.titular@fcyt.umss.edu.bo
202400107,7000107,"Clarac Mamani Pedro Elena",INF110,"Introduccion a la Programacion",1,2/2026,docente.titular@fcyt.umss.edu.bo
202400108,7000108,"Rodriguez Villarroel Rodrigo Paola",INF110,"Introduccion a la Programacion",1,2/2026,docente.titular@fcyt.umss.edu.bo
202400109,7000109,"Castillo Gutierrez Juan Gabriela",INF110,"Introduccion a la Programacion",1,2/2026,docente.titular@fcyt.umss.edu.bo
202400110,7000110,"Morales Rojas Carlos Fernando",INF110,"Introduccion a la Programacion",1,2/2026,docente.titular@fcyt.umss.edu.bo
202400111,7000111,"Villarroel Romero Ana Gabriela",INF110,"Introduccion a la Programacion",1,2/2026,docente.titular@fcyt.umss.edu.bo
202400112,7000112,"Quispe Clarac Maria Ana",INF110,"Introduccion a la Programacion",1,2/2026,docente.titular@fcyt.umss.edu.bo
202400113,7000113,"Gutierrez Quispe Paola Jorge",INF110,"Introduccion a la Programacion",1,2/2026,docente.titular@fcyt.umss.edu.bo
202400114,7000114,"Lopez Castillo Jorge Lucia",INF110,"Introduccion a la Programacion",1,2/2026,docente.titular@fcyt.umss.edu.bo
202400115,7000115,"Romero Fernandez Lucia Daniela",INF110,"Introduccion a la Programacion",1,2/2026,docente.titular@fcyt.umss.edu.bo
202400116,7000116,"Clarac Morales Maria Diego",INF110,"Introduccion a la Programacion",1,2/2026,docente.titular@fcyt.umss.edu.bo
202400117,7000117,"Clarac Villarroel Gabriela Daniela",INF110,"Introduccion a la Programacion",1,2/2026,docente.titular@fcyt.umss.edu.bo
202400118,7000118,"Villarroel Mendoza Sofia Diego",INF110,"Introduccion a la Programacion",1,2/2026,docente.titular@fcyt.umss.edu.bo
202400119,7000119,"Rodriguez Villarroel Juan Lucia",INF110,"Introduccion a la Programacion",1,2/2026,docente.titular@fcyt.umss.edu.bo
202400120,7000120,"Chavez Perez Diego Sofia",INF110,"Introduccion a la Programacion",1,2/2026,docente.titular@fcyt.umss.edu.bo
202400121,7000121,"Mamani Romero Andres Camila",INF110,"Introduccion a la Programacion",1,2/2026,docente.titular@fcyt.umss.edu.bo
202400122,7000122,"Mendoza Chavez Andres Lucia",INF110,"Introduccion a la Programacion",1,2/2026,docente.titular@fcyt.umss.edu.bo
202400123,7000123,"Gutierrez Fernandez Jorge Fernando",INF110,"Introduccion a la Programacion",1,2/2026,docente.titular@fcyt.umss.edu.bo
202400124,7000124,"Chavez Chavez Pedro Rodrigo",INF110,"Introduccion a la Programacion",1,2/2026,docente.titular@fcyt.umss.edu.bo
202400125,7000125,"Quispe Vargas Carlos Rodrigo",INF110,"Introduccion a la Programacion",1,2/2026,docente.titular@fcyt.umss.edu.bo
202400126,7000126,"Fernandez Clarac Miguel Valeria",INF110,"Introduccion a la Programacion",1,2/2026,docente.titular@fcyt.umss.edu.bo
202400127,7000127,"Villarroel Perez Jorge Maria",INF110,"Introduccion a la Programacion",1,2/2026,docente.titular@fcyt.umss.edu.bo
202400128,7000128,"Quispe Alvarez Miguel Gabriela",INF110,"Introduccion a la Programacion",1,2/2026,docente.titular@fcyt.umss.edu.bo
202400129,7000129,"Clarac Villarroel Carlos Valeria",INF110,"Introduccion a la Programacion",1,2/2026,docente.titular@fcyt.umss.edu.bo
202400130,7000130,"Chavez Gomez Sofia Camila",INF110,"Introduccion a la Programacion",1,2/2026,docente.titular@fcyt.umss.edu.bo
202400131,7000131,"Mendoza Mendoza Jorge Fernando",INF110,"Introduccion a la Programacion",1,2/2026,docente.titular@fcyt.umss.edu.bo
202400132,7000132,"Fernandez Rodriguez Fernando Elena",INF110,"Introduccion a la Programacion",1,2/2026,docente.titular@fcyt.umss.edu.bo
202400133,7000133,"Rojas Villarroel Gabriela Gabriela",INF110,"Introduccion a la Programacion",1,2/2026,docente.titular@fcyt.umss.edu.bo
202400134,7000134,"Fernandez Torrico Elena Maria",INF110,"Introduccion a la Programacion",1,2/2026,docente.titular@fcyt.umss.edu.bo
202400135,7000135,"Gomez Flores Sofia Miguel",INF110,"Introduccion a la Programacion",1,2/2026,docente.titular@fcyt.umss.edu.bo
202400136,7000136,"Gomez Villarroel Sofia Camila",INF110,"Introduccion a la Programacion",1,2/2026,docente.titular@fcyt.umss.edu.bo
202400137,7000137,"Perez Rodriguez Paola Camila",INF110,"Introduccion a la Programacion",1,2/2026,docente.titular@fcyt.umss.edu.bo
202400138,7000138,"Chavez Rodriguez Maria Miguel",INF110,"Introduccion a la Programacion",1,2/2026,docente.titular@fcyt.umss.edu.bo
202400139,7000139,"Quispe Morales Rodrigo Jorge",INF110,"Introduccion a la Programacion",1,2/2026,docente.titular@fcyt.umss.edu.bo
202400140,7000140,"Mendoza Gutierrez Elena Maria",INF110,"Introduccion a la Programacion",1,2/2026,docente.titular@fcyt.umss.edu.bo
202400141,7000141,"Flores Vargas Fernando Paola",INF110,"Introduccion a la Programacion",1,2/2026,docente.titular@fcyt.umss.edu.bo
202400142,7000142,"Chavez Clarac Sofia Lucia",INF110,"Introduccion a la Programacion",1,2/2026,docente.titular@fcyt.umss.edu.bo
202400143,7000143,"Chavez Vargas Carlos Paola",INF110,"Introduccion a la Programacion",1,2/2026,docente.titular@fcyt.umss.edu.bo
202400144,7000144,"Chavez Lopez Maria Ana",INF110,"Introduccion a la Programacion",1,2/2026,docente.titular@fcyt.umss.edu.bo
202400145,7000145,"Villarroel Villarroel Valeria Carlos",INF110,"Introduccion a la Programacion",1,2/2026,docente.titular@fcyt.umss.edu.bo
202400146,7000146,"Torrico Chavez Daniela Jorge",INF110,"Introduccion a la Programacion",1,2/2026,docente.titular@fcyt.umss.edu.bo
202400147,7000147,"Mendoza Quispe Miguel Diego",INF110,"Introduccion a la Programacion",1,2/2026,docente.titular@fcyt.umss.edu.bo
202400148,7000148,"Alvarez Perez Ana Ricardo",INF110,"Introduccion a la Programacion",1,2/2026,docente.titular@fcyt.umss.edu.bo
202400149,7000149,"Chavez Gomez Paola Fernando",INF110,"Introduccion a la Programacion",1,2/2026,docente.titular@fcyt.umss.edu.bo
202400150,7000150,"Gomez Quispe Andres Maria",INF110,"Introduccion a la Programacion",1,2/2026,docente.titular@fcyt.umss.edu.bo
202400151,7000151,"Mendoza Perez Andres Valeria",INF110,"Introduccion a la Programacion",1,2/2026,docente.titular@fcyt.umss.edu.bo
202400152,7000152,"Rojas Alvarez Gabriela Andres",INF110,"Introduccion a la Programacion",1,2/2026,docente.titular@fcyt.umss.edu.bo
202400153,7000153,"Mendoza Lopez Ana Lucia",INF110,"Introduccion a la Programacion",1,2/2026,docente.titular@fcyt.umss.edu.bo
202400154,7000154,"Clarac Morales Paola Jorge",INF110,"Introduccion a la Programacion",1,2/2026,docente.titular@fcyt.umss.edu.bo
202400155,7000155,"Villarroel Fernandez Elena Pedro",INF110,"Introduccion a la Programacion",1,2/2026,docente.titular@fcyt.umss.edu.bo
202400156,7000156,"Fernandez Fernandez Fernando Paola",INF110,"Introduccion a la Programacion",1,2/2026,docente.titular@fcyt.umss.edu.bo
202400157,7000157,"Gutierrez Fernandez Jorge Maria",INF110,"Introduccion a la Programacion",1,2/2026,docente.titular@fcyt.umss.edu.bo
202400158,7000158,"Gutierrez Castillo Diego Daniela",INF110,"Introduccion a la Programacion",1,2/2026,docente.titular@fcyt.umss.edu.bo
202400159,7000159,"Gomez Castillo Ana Lucia",INF110,"Introduccion a la Programacion",1,2/2026,docente.titular@fcyt.umss.edu.bo
202400160,7000160,"Vargas Flores Diego Juan",INF110,"Introduccion a la Programacion",1,2/2026,docente.titular@fcyt.umss.edu.bo
202400161,7000161,"Castillo Romero Gabriela Sofia",INF110,"Introduccion a la Programacion",1,2/2026,docente.titular@fcyt.umss.edu.bo
202400162,7000162,"Gutierrez Mendoza Diego Diego",INF110,"Introduccion a la Programacion",1,2/2026,docente.titular@fcyt.umss.edu.bo
202400163,7000163,"Vargas Vargas Miguel Daniela",INF110,"Introduccion a la Programacion",1,2/2026,docente.titular@fcyt.umss.edu.bo
202400164,7000164,"Flores Chavez Diego Andres",INF110,"Introduccion a la Programacion",1,2/2026,docente.titular@fcyt.umss.edu.bo
202400165,7000165,"Torrico Torrico Lucia Daniela",INF110,"Introduccion a la Programacion",1,2/2026,docente.titular@fcyt.umss.edu.bo
202400166,7000166,"Quispe Lopez Diego Andres",INF110,"Introduccion a la Programacion",1,2/2026,docente.titular@fcyt.umss.edu.bo
202400167,7000167,"Flores Rodriguez Andres Pedro",INF110,"Introduccion a la Programacion",1,2/2026,docente.titular@fcyt.umss.edu.bo
202400168,7000168,"Vargas Torrico Diego Pedro",INF110,"Introduccion a la Programacion",1,2/2026,docente.titular@fcyt.umss.edu.bo
202400169,7000169,"Mendoza Alvarez Andres Andres",INF110,"Introduccion a la Programacion",1,2/2026,docente.titular@fcyt.umss.edu.bo
202400170,7000170,"Castillo Castillo Valeria Maria",INF110,"Introduccion a la Programacion",1,2/2026,docente.titular@fcyt.umss.edu.bo
202400171,7000171,"Fernandez Flores Ricardo Jorge",INF110,"Introduccion a la Programacion",1,2/2026,docente.titular@fcyt.umss.edu.bo
202400172,7000172,"Perez Chavez Jorge Elena",INF110,"Introduccion a la Programacion",1,2/2026,docente.titular@fcyt.umss.edu.bo
202400173,7000173,"Lopez Vargas Elena Jorge",INF110,"Introduccion a la Programacion",1,2/2026,docente.titular@fcyt.umss.edu.bo
202400174,7000174,"Lopez Rodriguez Elena Ana",INF110,"Introduccion a la Programacion",1,2/2026,docente.titular@fcyt.umss.edu.bo
202400175,7000175,"Quispe Lopez Fernando Paola",INF110,"Introduccion a la Programacion",1,2/2026,docente.titular@fcyt.umss.edu.bo
202400176,7000176,"Vargas Alvarez Miguel Sofia",INF110,"Introduccion a la Programacion",1,2/2026,docente.titular@fcyt.umss.edu.bo
202400177,7000177,"Perez Gutierrez Paola Gabriela",INF110,"Introduccion a la Programacion",1,2/2026,docente.titular@fcyt.umss.edu.bo
202400178,7000178,"Fernandez Morales Paola Jorge",INF110,"Introduccion a la Programacion",1,2/2026,docente.titular@fcyt.umss.edu.bo
202400179,7000179,"Mendoza Alvarez Gabriela Juan",INF110,"Introduccion a la Programacion",1,2/2026,docente.titular@fcyt.umss.edu.bo
202400180,7000180,"Fernandez Fernandez Valeria Diego",INF110,"Introduccion a la Programacion",1,2/2026,docente.titular@fcyt.umss.edu.bo
202400181,7000181,"Perez Romero Maria Rodrigo",INF110,"Introduccion a la Programacion",1,2/2026,docente.titular@fcyt.umss.edu.bo
202400182,7000182,"Villarroel Rojas Sofia Lucia",INF110,"Introduccion a la Programacion",1,2/2026,docente.titular@fcyt.umss.edu.bo
202400183,7000183,"Torrico Flores Gabriela Sofia",INF110,"Introduccion a la Programacion",1,2/2026,docente.titular@fcyt.umss.edu.bo
202400184,7000184,"Mendoza Rojas Diego Daniela",INF110,"Introduccion a la Programacion",1,2/2026,docente.titular@fcyt.umss.edu.bo
202400185,7000185,"Morales Romero Carlos Pedro",INF110,"Introduccion a la Programacion",1,2/2026,docente.titular@fcyt.umss.edu.bo
202400186,7000186,"Perez Lopez Diego Juan",INF110,"Introduccion a la Programacion",1,2/2026,docente.titular@fcyt.umss.edu.bo
202400187,7000187,"Gutierrez Fernandez Camila Maria",INF110,"Introduccion a la Programacion",1,2/2026,docente.titular@fcyt.umss.edu.bo
202400188,7000188,"Morales Vargas Diego Paola",INF110,"Introduccion a la Programacion",1,2/2026,docente.titular@fcyt.umss.edu.bo
202400189,7000189,"Alvarez Mendoza Rodrigo Andres",INF110,"Introduccion a la Programacion",1,2/2026,docente.titular@fcyt.umss.edu.bo
202400190,7000190,"Chavez Fernandez Daniela Daniela",INF110,"Introduccion a la Programacion",1,2/2026,docente.titular@fcyt.umss.edu.bo
202400191,7000191,"Villarroel Vargas Maria Valeria",INF110,"Introduccion a la Programacion",1,2/2026,docente.titular@fcyt.umss.edu.bo
202400192,7000192,"Chavez Lopez Elena Camila",INF110,"Introduccion a la Programacion",1,2/2026,docente.titular@fcyt.umss.edu.bo
202400193,7000193,"Romero Alvarez Carlos Ricardo",INF110,"Introduccion a la Programacion",1,2/2026,docente.titular@fcyt.umss.edu.bo
202400194,7000194,"Clarac Villarroel Daniela Valeria",INF110,"Introduccion a la Programacion",1,2/2026,docente.titular@fcyt.umss.edu.bo
202400195,7000195,"Rojas Chavez Gabriela Pedro",INF110,"Introduccion a la Programacion",1,2/2026,docente.titular@fcyt.umss.edu.bo
202400196,7000196,"Alvarez Villarroel Daniela Gabriela",INF110,"Introduccion a la Programacion",1,2/2026,docente.titular@fcyt.umss.edu.bo
202400197,7000197,"Morales Torrico Jorge Lucia",INF110,"Introduccion a la Programacion",1,2/2026,docente.titular@fcyt.umss.edu.bo
202400198,7000198,"Alvarez Chavez Juan Sofia",INF110,"Introduccion a la Programacion",1,2/2026,docente.titular@fcyt.umss.edu.bo
202400199,7000199,"Villarroel Rodriguez Elena Daniela",INF110,"Introduccion a la Programacion",1,2/2026,docente.titular@fcyt.umss.edu.bo
202400200,7000200,"Rojas Clarac Camila Pedro",INF110,"Introduccion a la Programacion",1,2/2026,docente.titular@fcyt.umss.edu.bo
202400201,7000201,"Torrico Castillo Diego Fernando",INF110,"Introduccion a la Programacion",1,2/2026,docente.titular@fcyt.umss.edu.bo
202400202,7000202,"Gomez Chavez Carlos Camila",INF110,"Introduccion a la Programacion",1,2/2026,docente.titular@fcyt.umss.edu.bo
202400203,7000203,"Mamani Gomez Juan Elena",INF110,"Introduccion a la Programacion",1,2/2026,docente.titular@fcyt.umss.edu.bo
202400204,7000204,"Rodriguez Gutierrez Rodrigo Sofia",INF110,"Introduccion a la Programacion",1,2/2026,docente.titular@fcyt.umss.edu.bo
202400205,7000205,"Romero Clarac Maria Jorge",INF110,"Introduccion a la Programacion",1,2/2026,docente.titular@fcyt.umss.edu.bo
202400206,7000206,"Torrico Perez Andres Carlos",INF110,"Introduccion a la Programacion",1,2/2026,docente.titular@fcyt.umss.edu.bo
202400207,7000207,"Chavez Chavez Pedro Maria",INF110,"Introduccion a la Programacion",1,2/2026,docente.titular@fcyt.umss.edu.bo
202400208,7000208,"Fernandez Chavez Maria Pedro",INF110,"Introduccion a la Programacion",1,2/2026,docente.titular@fcyt.umss.edu.bo
202400209,7000209,"Alvarez Rojas Ricardo Lucia",INF110,"Introduccion a la Programacion",1,2/2026,docente.titular@fcyt.umss.edu.bo
202400210,7000210,"Chavez Gomez Ricardo Daniela",INF110,"Introduccion a la Programacion",1,2/2026,docente.titular@fcyt.umss.edu.bo
202400211,7000211,"Perez Castillo Valeria Valeria",INF110,"Introduccion a la Programacion",1,2/2026,docente.titular@fcyt.umss.edu.bo
202400212,7000212,"Gomez Mamani Diego Fernando",INF110,"Introduccion a la Programacion",1,2/2026,docente.titular@fcyt.umss.edu.bo
202400213,7000213,"Castillo Lopez Andres Maria",INF110,"Introduccion a la Programacion",1,2/2026,docente.titular@fcyt.umss.edu.bo
202400214,7000214,"Fernandez Clarac Andres Maria",INF110,"Introduccion a la Programacion",1,2/2026,docente.titular@fcyt.umss.edu.bo
202400215,7000215,"Romero Villarroel Fernando Fernando",INF110,"Introduccion a la Programacion",1,2/2026,docente.titular@fcyt.umss.edu.bo
202400216,7000216,"Gomez Perez Miguel Gabriela",INF110,"Introduccion a la Programacion",1,2/2026,docente.titular@fcyt.umss.edu.bo
202400217,7000217,"Alvarez Castillo Ricardo Valeria",INF110,"Introduccion a la Programacion",1,2/2026,docente.titular@fcyt.umss.edu.bo
202400218,7000218,"Castillo Fernandez Fernando Rodrigo",INF110,"Introduccion a la Programacion",1,2/2026,docente.titular@fcyt.umss.edu.bo
202400219,7000219,"Mamani Torrico Rodrigo Andres",INF110,"Introduccion a la Programacion",1,2/2026,docente.titular@fcyt.umss.edu.bo
202400220,7000220,"Morales Rodriguez Gabriela Sofia",INF110,"Introduccion a la Programacion",1,2/2026,docente.titular@fcyt.umss.edu.bo
202400221,7000221,"Perez Flores Sofia Jorge",INF110,"Introduccion a la Programacion",1,2/2026,docente.titular@fcyt.umss.edu.bo
202400222,7000222,"Rojas Gutierrez Daniela Ana",INF110,"Introduccion a la Programacion",1,2/2026,docente.titular@fcyt.umss.edu.bo
202400223,7000223,"Flores Mendoza Ana Fernando",INF110,"Introduccion a la Programacion",1,2/2026,docente.titular@fcyt.umss.edu.bo
202400224,7000224,"Castillo Mendoza Ricardo Ricardo",INF110,"Introduccion a la Programacion",1,2/2026,docente.titular@fcyt.umss.edu.bo
202400225,7000225,"Lopez Rodriguez Camila Ana",INF110,"Introduccion a la Programacion",1,2/2026,docente.titular@fcyt.umss.edu.bo
202400226,7000226,"Perez Rojas Gabriela Andres",INF110,"Introduccion a la Programacion",1,2/2026,docente.titular@fcyt.umss.edu.bo
202400227,7000227,"Vargas Quispe Daniela Pedro",INF110,"Introduccion a la Programacion",1,2/2026,docente.titular@fcyt.umss.edu.bo
202400228,7000228,"Mamani Chavez Daniela Andres",INF110,"Introduccion a la Programacion",1,2/2026,docente.titular@fcyt.umss.edu.bo
202400229,7000229,"Romero Quispe Gabriela Paola",INF110,"Introduccion a la Programacion",1,2/2026,docente.titular@fcyt.umss.edu.bo
202400230,7000230,"Gomez Perez Juan Jorge",INF110,"Introduccion a la Programacion",1,2/2026,docente.titular@fcyt.umss.edu.bo
202400231,7000231,"Chavez Perez Valeria Camila",INF110,"Introduccion a la Programacion",1,2/2026,docente.titular@fcyt.umss.edu.bo
202400232,7000232,"Villarroel Alvarez Ricardo Rodrigo",INF110,"Introduccion a la Programacion",1,2/2026,docente.titular@fcyt.umss.edu.bo
202400233,7000233,"Clarac Mendoza Juan Juan",INF110,"Introduccion a la Programacion",1,2/2026,docente.titular@fcyt.umss.edu.bo
202400234,7000234,"Alvarez Torrico Gabriela Diego",INF110,"Introduccion a la Programacion",1,2/2026,docente.titular@fcyt.umss.edu.bo
202400235,7000235,"Mamani Mendoza Elena Ana",INF110,"Introduccion a la Programacion",1,2/2026,docente.titular@fcyt.umss.edu.bo
202400236,7000236,"Rojas Rodriguez Ricardo Camila",INF110,"Introduccion a la Programacion",1,2/2026,docente.titular@fcyt.umss.edu.bo
202400237,7000237,"Villarroel Flores Carlos Jorge",INF110,"Introduccion a la Programacion",1,2/2026,docente.titular@fcyt.umss.edu.bo
202400238,7000238,"Gutierrez Gutierrez Camila Fernando",INF110,"Introduccion a la Programacion",1,2/2026,docente.titular@fcyt.umss.edu.bo
202400239,7000239,"Gomez Vargas Diego Juan",INF110,"Introduccion a la Programacion",1,2/2026,docente.titular@fcyt.umss.edu.bo
202400240,7000240,"Castillo Clarac Carlos Andres",INF110,"Introduccion a la Programacion",1,2/2026,docente.titular@fcyt.umss.edu.bo
202400241,7000241,"Quispe Mamani Diego Ana",INF110,"Introduccion a la Programacion",1,2/2026,docente.titular@fcyt.umss.edu.bo
202400242,7000242,"Clarac Clarac Daniela Gabriela",INF110,"Introduccion a la Programacion",1,2/2026,docente.titular@fcyt.umss.edu.bo
202400243,7000243,"Chavez Rodriguez Lucia Jorge",INF110,"Introduccion a la Programacion",1,2/2026,docente.titular@fcyt.umss.edu.bo
202400244,7000244,"Torrico Flores Valeria Rodrigo",INF110,"Introduccion a la Programacion",1,2/2026,docente.titular@fcyt.umss.edu.bo
202400245,7000245,"Clarac Torrico Maria Ricardo",INF110,"Introduccion a la Programacion",1,2/2026,docente.titular@fcyt.umss.edu.bo
202400246,7000246,"Mendoza Chavez Rodrigo Fernando",INF110,"Introduccion a la Programacion",1,2/2026,docente.titular@fcyt.umss.edu.bo
202400247,7000247,"Vargas Romero Camila Ana",INF110,"Introduccion a la Programacion",1,2/2026,docente.titular@fcyt.umss.edu.bo
202400248,7000248,"Villarroel Castillo Diego Maria",INF110,"Introduccion a la Programacion",1,2/2026,docente.titular@fcyt.umss.edu.bo
202400249,7000249,"Rodriguez Castillo Gabriela Valeria",INF110,"Introduccion a la Programacion",1,2/2026,docente.titular@fcyt.umss.edu.bo
202400250,7000250,"Rojas Flores Lucia Ana",INF110,"Introduccion a la Programacion",1,2/2026,docente.titular@fcyt.umss.edu.bo
202400251,7000251,"Gomez Quispe Fernando Maria",INF110,"Introduccion a la Programacion",1,2/2026,docente.titular@fcyt.umss.edu.bo
202400252,7000252,"Villarroel Gomez Daniela Valeria",INF110,"Introduccion a la Programacion",1,2/2026,docente.titular@fcyt.umss.edu.bo
202400253,7000253,"Alvarez Chavez Elena Paola",INF110,"Introduccion a la Programacion",1,2/2026,docente.titular@fcyt.umss.edu.bo
202400254,7000254,"Torrico Morales Juan Jorge",INF110,"Introduccion a la Programacion",1,2/2026,docente.titular@fcyt.umss.edu.bo
202400255,7000255,"Chavez Mendoza Camila Camila",INF110,"Introduccion a la Programacion",1,2/2026,docente.titular@fcyt.umss.edu.bo
202400256,7000256,"Rodriguez Torrico Jorge Maria",INF110,"Introduccion a la Programacion",1,2/2026,docente.titular@fcyt.umss.edu.bo
202400257,7000257,"Quispe Alvarez Fernando Miguel",INF110,"Introduccion a la Programacion",1,2/2026,docente.titular@fcyt.umss.edu.bo
202400258,7000258,"Castillo Flores Gabriela Miguel",INF110,"Introduccion a la Programacion",1,2/2026,docente.titular@fcyt.umss.edu.bo
202400259,7000259,"Torrico Perez Paola Rodrigo",INF110,"Introduccion a la Programacion",1,2/2026,docente.titular@fcyt.umss.edu.bo
202400260,7000260,"Chavez Lopez Jorge Maria",INF110,"Introduccion a la Programacion",1,2/2026,docente.titular@fcyt.umss.edu.bo
202400261,7000261,"Villarroel Quispe Ricardo Ricardo",INF110,"Introduccion a la Programacion",1,2/2026,docente.titular@fcyt.umss.edu.bo
202400262,7000262,"Castillo Castillo Ricardo Rodrigo",INF110,"Introduccion a la Programacion",1,2/2026,docente.titular@fcyt.umss.edu.bo
202400263,7000263,"Chavez Torrico Ana Lucia",INF110,"Introduccion a la Programacion",1,2/2026,docente.titular@fcyt.umss.edu.bo
202400264,7000264,"Mamani Morales Carlos Pedro",INF110,"Introduccion a la Programacion",1,2/2026,docente.titular@fcyt.umss.edu.bo
202400265,7000265,"Lopez Torrico Miguel Carlos",INF110,"Introduccion a la Programacion",1,2/2026,docente.titular@fcyt.umss.edu.bo
202400266,7000266,"Quispe Perez Elena Elena",INF110,"Introduccion a la Programacion",1,2/2026,docente.titular@fcyt.umss.edu.bo
202400267,7000267,"Villarroel Chavez Sofia Juan",INF110,"Introduccion a la Programacion",1,2/2026,docente.titular@fcyt.umss.edu.bo
202400268,7000268,"Torrico Castillo Carlos Sofia",INF110,"Introduccion a la Programacion",1,2/2026,docente.titular@fcyt.umss.edu.bo
202400269,7000269,"Mamani Lopez Camila Lucia",INF110,"Introduccion a la Programacion",1,2/2026,docente.titular@fcyt.umss.edu.bo
202400270,7000270,"Gomez Morales Rodrigo Maria",INF110,"Introduccion a la Programacion",1,2/2026,docente.titular@fcyt.umss.edu.bo
202400271,7000271,"Mendoza Flores Gabriela Pedro",INF110,"Introduccion a la Programacion",1,2/2026,docente.titular@fcyt.umss.edu.bo
202400272,7000272,"Gomez Flores Camila Gabriela",INF110,"Introduccion a la Programacion",1,2/2026,docente.titular@fcyt.umss.edu.bo
202400273,7000273,"Flores Rodriguez Ana Miguel",INF110,"Introduccion a la Programacion",1,2/2026,docente.titular@fcyt.umss.edu.bo
202400274,7000274,"Villarroel Morales Pedro Ana",INF110,"Introduccion a la Programacion",1,2/2026,docente.titular@fcyt.umss.edu.bo
202400275,7000275,"Chavez Gomez Rodrigo Andres",INF110,"Introduccion a la Programacion",1,2/2026,docente.titular@fcyt.umss.edu.bo
202400276,7000276,"Perez Gomez Paola Maria",INF110,"Introduccion a la Programacion",1,2/2026,docente.titular@fcyt.umss.edu.bo
202400277,7000277,"Clarac Chavez Fernando Paola",INF110,"Introduccion a la Programacion",1,2/2026,docente.titular@fcyt.umss.edu.bo
202400278,7000278,"Lopez Chavez Pedro Carlos",INF110,"Introduccion a la Programacion",1,2/2026,docente.titular@fcyt.umss.edu.bo
202400279,7000279,"Mamani Romero Miguel Diego",INF110,"Introduccion a la Programacion",1,2/2026,docente.titular@fcyt.umss.edu.bo
202400280,7000280,"Torrico Torrico Paola Lucia",INF110,"Introduccion a la Programacion",1,2/2026,docente.titular@fcyt.umss.edu.bo
202400281,7000281,"Villarroel Romero Pedro Rodrigo",INF110,"Introduccion a la Programacion",1,2/2026,docente.titular@fcyt.umss.edu.bo
202400282,7000282,"Vargas Torrico Miguel Ana",INF110,"Introduccion a la Programacion",1,2/2026,docente.titular@fcyt.umss.edu.bo
202400283,7000283,"Alvarez Morales Pedro Sofia",INF110,"Introduccion a la Programacion",1,2/2026,docente.titular@fcyt.umss.edu.bo
202400284,7000284,"Quispe Villarroel Ricardo Ana",INF110,"Introduccion a la Programacion",1,2/2026,docente.titular@fcyt.umss.edu.bo
202400285,7000285,"Mendoza Clarac Paola Carlos",INF110,"Introduccion a la Programacion",1,2/2026,docente.titular@fcyt.umss.edu.bo
202400286,7000286,"Mendoza Vargas Ricardo Miguel",INF110,"Introduccion a la Programacion",1,2/2026,docente.titular@fcyt.umss.edu.bo
202400287,7000287,"Vargas Quispe Fernando Gabriela",INF110,"Introduccion a la Programacion",1,2/2026,docente.titular@fcyt.umss.edu.bo
202400288,7000288,"Vargas Mamani Rodrigo Carlos",INF110,"Introduccion a la Programacion",1,2/2026,docente.titular@fcyt.umss.edu.bo
202400289,7000289,"Villarroel Fernandez Maria Juan",INF110,"Introduccion a la Programacion",1,2/2026,docente.titular@fcyt.umss.edu.bo
202400290,7000290,"Rodriguez Romero Rodrigo Daniela",INF110,"Introduccion a la Programacion",1,2/2026,docente.titular@fcyt.umss.edu.bo
202400291,7000291,"Mamani Fernandez Miguel Gabriela",INF110,"Introduccion a la Programacion",1,2/2026,docente.titular@fcyt.umss.edu.bo
202400292,7000292,"Castillo Flores Camila Lucia",INF110,"Introduccion a la Programacion",1,2/2026,docente.titular@fcyt.umss.edu.bo
202400293,7000293,"Rodriguez Castillo Andres Sofia",INF110,"Introduccion a la Programacion",1,2/2026,docente.titular@fcyt.umss.edu.bo
202400294,7000294,"Morales Mendoza Gabriela Fernando",INF110,"Introduccion a la Programacion",1,2/2026,docente.titular@fcyt.umss.edu.bo
202400295,7000295,"Torrico Lopez Fernando Rodrigo",INF110,"Introduccion a la Programacion",1,2/2026,docente.titular@fcyt.umss.edu.bo
202400296,7000296,"Clarac Romero Miguel Maria",INF110,"Introduccion a la Programacion",1,2/2026,docente.titular@fcyt.umss.edu.bo
202400297,7000297,"Perez Morales Rodrigo Juan",INF110,"Introduccion a la Programacion",1,2/2026,docente.titular@fcyt.umss.edu.bo
202400298,7000298,"Torrico Alvarez Daniela Valeria",INF110,"Introduccion a la Programacion",1,2/2026,docente.titular@fcyt.umss.edu.bo
202400299,7000299,"Quispe Mendoza Fernando Lucia",INF110,"Introduccion a la Programacion",1,2/2026,docente.titular@fcyt.umss.edu.bo
202400300,7000300,"Rodriguez Rodriguez Lucia Ricardo",INF110,"Introduccion a la Programacion",1,2/2026,docente.titular@fcyt.umss.edu.bo
202400301,7000301,"Flores Alvarez Fernando Ana",INF110,"Introduccion a la Programacion",1,2/2026,docente.titular@fcyt.umss.edu.bo
202400302,7000302,"Mamani Fernandez Miguel Andres",INF110,"Introduccion a la Programacion",1,2/2026,docente.titular@fcyt.umss.edu.bo
202400303,7000303,"Chavez Vargas Daniela Andres",INF110,"Introduccion a la Programacion",1,2/2026,docente.titular@fcyt.umss.edu.bo
202400304,7000304,"Perez Villarroel Gabriela Fernando",INF110,"Introduccion a la Programacion",1,2/2026,docente.titular@fcyt.umss.edu.bo
202400305,7000305,"Morales Romero Ricardo Camila",INF110,"Introduccion a la Programacion",1,2/2026,docente.titular@fcyt.umss.edu.bo
202400306,7000306,"Perez Fernandez Rodrigo Pedro",INF110,"Introduccion a la Programacion",1,2/2026,docente.titular@fcyt.umss.edu.bo
202400307,7000307,"Torrico Clarac Jorge Valeria",INF110,"Introduccion a la Programacion",1,2/2026,docente.titular@fcyt.umss.edu.bo
202400308,7000308,"Torrico Castillo Maria Miguel",INF110,"Introduccion a la Programacion",1,2/2026,docente.titular@fcyt.umss.edu.bo
202400309,7000309,"Fernandez Rojas Maria Ricardo",INF110,"Introduccion a la Programacion",1,2/2026,docente.titular@fcyt.umss.edu.bo
202400310,7000310,"Quispe Morales Maria Miguel",INF110,"Introduccion a la Programacion",1,2/2026,docente.titular@fcyt.umss.edu.bo
202400311,7000311,"Alvarez Rodriguez Miguel Fernando",INF110,"Introduccion a la Programacion",1,2/2026,docente.titular@fcyt.umss.edu.bo
202400312,7000312,"Quispe Flores Juan Juan",INF110,"Introduccion a la Programacion",1,2/2026,docente.titular@fcyt.umss.edu.bo
202400313,7000313,"Mendoza Lopez Ricardo Fernando",INF110,"Introduccion a la Programacion",1,2/2026,docente.titular@fcyt.umss.edu.bo
202400314,7000314,"Rojas Gutierrez Gabriela Camila",INF110,"Introduccion a la Programacion",1,2/2026,docente.titular@fcyt.umss.edu.bo
202400315,7000315,"Castillo Flores Camila Miguel",INF110,"Introduccion a la Programacion",1,2/2026,docente.titular@fcyt.umss.edu.bo
202400316,7000316,"Flores Rodriguez Andres Ana",INF110,"Introduccion a la Programacion",1,2/2026,docente.titular@fcyt.umss.edu.bo
202400317,7000317,"Alvarez Clarac Lucia Miguel",INF110,"Introduccion a la Programacion",1,2/2026,docente.titular@fcyt.umss.edu.bo
202400318,7000318,"Rodriguez Gomez Andres Daniela",INF110,"Introduccion a la Programacion",1,2/2026,docente.titular@fcyt.umss.edu.bo
202400319,7000319,"Flores Morales Jorge Lucia",INF110,"Introduccion a la Programacion",1,2/2026,docente.titular@fcyt.umss.edu.bo
202400320,7000320,"Chavez Chavez Jorge Valeria",INF110,"Introduccion a la Programacion",1,2/2026,docente.titular@fcyt.umss.edu.bo
202400321,7000321,"Gutierrez Quispe Diego Fernando",INF110,"Introduccion a la Programacion",1,2/2026,docente.titular@fcyt.umss.edu.bo
202400322,7000322,"Gutierrez Clarac Rodrigo Pedro",INF110,"Introduccion a la Programacion",1,2/2026,docente.titular@fcyt.umss.edu.bo
202400323,7000323,"Mendoza Rojas Sofia Rodrigo",INF110,"Introduccion a la Programacion",1,2/2026,docente.titular@fcyt.umss.edu.bo
202400324,7000324,"Gutierrez Clarac Carlos Sofia",INF110,"Introduccion a la Programacion",1,2/2026,docente.titular@fcyt.umss.edu.bo
202400325,7000325,"Chavez Perez Sofia Miguel",INF110,"Introduccion a la Programacion",1,2/2026,docente.titular@fcyt.umss.edu.bo
202400326,7000326,"Alvarez Rodriguez Sofia Elena",INF110,"Introduccion a la Programacion",1,2/2026,docente.titular@fcyt.umss.edu.bo
202400327,7000327,"Lopez Alvarez Carlos Miguel",INF110,"Introduccion a la Programacion",1,2/2026,docente.titular@fcyt.umss.edu.bo
202400328,7000328,"Lopez Clarac Camila Gabriela",INF110,"Introduccion a la Programacion",1,2/2026,docente.titular@fcyt.umss.edu.bo
202400329,7000329,"Castillo Fernandez Ricardo Andres",INF110,"Introduccion a la Programacion",1,2/2026,docente.titular@fcyt.umss.edu.bo
202400330,7000330,"Flores Villarroel Gabriela Fernando",INF110,"Introduccion a la Programacion",1,2/2026,docente.titular@fcyt.umss.edu.bo
202400331,7000331,"Castillo Gutierrez Elena Daniela",INF110,"Introduccion a la Programacion",1,2/2026,docente.titular@fcyt.umss.edu.bo
202400332,7000332,"Rodriguez Rodriguez Valeria Ana",INF110,"Introduccion a la Programacion",1,2/2026,docente.titular@fcyt.umss.edu.bo
202400333,7000333,"Gomez Alvarez Lucia Daniela",INF110,"Introduccion a la Programacion",1,2/2026,docente.titular@fcyt.umss.edu.bo
202400334,7000334,"Mamani Flores Diego Ana",INF110,"Introduccion a la Programacion",1,2/2026,docente.titular@fcyt.umss.edu.bo
202400335,7000335,"Alvarez Alvarez Jorge Andres",INF110,"Introduccion a la Programacion",1,2/2026,docente.titular@fcyt.umss.edu.bo
202400336,7000336,"Rodriguez Gomez Elena Rodrigo",INF110,"Introduccion a la Programacion",1,2/2026,docente.titular@fcyt.umss.edu.bo
202400337,7000337,"Flores Mamani Ana Carlos",INF110,"Introduccion a la Programacion",1,2/2026,docente.titular@fcyt.umss.edu.bo
202400338,7000338,"Mamani Torrico Diego Juan",INF110,"Introduccion a la Programacion",1,2/2026,docente.titular@fcyt.umss.edu.bo
202400339,7000339,"Alvarez Rojas Diego Valeria",INF110,"Introduccion a la Programacion",1,2/2026,docente.titular@fcyt.umss.edu.bo
202400340,7000340,"Rodriguez Flores Miguel Valeria",INF110,"Introduccion a la Programacion",1,2/2026,docente.titular@fcyt.umss.edu.bo
202400341,7000341,"Alvarez Rodriguez Diego Camila",INF110,"Introduccion a la Programacion",1,2/2026,docente.titular@fcyt.umss.edu.bo
202400342,7000342,"Lopez Flores Camila Daniela",INF110,"Introduccion a la Programacion",1,2/2026,docente.titular@fcyt.umss.edu.bo
202400343,7000343,"Villarroel Chavez Jorge Diego",INF110,"Introduccion a la Programacion",1,2/2026,docente.titular@fcyt.umss.edu.bo
202400344,7000344,"Clarac Chavez Rodrigo Miguel",INF110,"Introduccion a la Programacion",1,2/2026,docente.titular@fcyt.umss.edu.bo
202400345,7000345,"Torrico Mendoza Fernando Sofia",INF110,"Introduccion a la Programacion",1,2/2026,docente.titular@fcyt.umss.edu.bo
202400346,7000346,"Lopez Romero Rodrigo Fernando",INF110,"Introduccion a la Programacion",1,2/2026,docente.titular@fcyt.umss.edu.bo
202400347,7000347,"Fernandez Castillo Camila Ricardo",INF110,"Introduccion a la Programacion",1,2/2026,docente.titular@fcyt.umss.edu.bo
202400348,7000348,"Vargas Castillo Lucia Jorge",INF110,"Introduccion a la Programacion",1,2/2026,docente.titular@fcyt.umss.edu.bo
202400349,7000349,"Quispe Quispe Elena Andres",INF110,"Introduccion a la Programacion",1,2/2026,docente.titular@fcyt.umss.edu.bo
202400350,7000350,"Rodriguez Lopez Daniela Rodrigo",INF110,"Introduccion a la Programacion",1,2/2026,docente.titular@fcyt.umss.edu.bo
202400351,7000351,"Flores Mamani Jorge Ricardo",INF110,"Introduccion a la Programacion",1,2/2026,docente.titular@fcyt.umss.edu.bo
202400352,7000352,"Mamani Mendoza Maria Sofia",INF110,"Introduccion a la Programacion",1,2/2026,docente.titular@fcyt.umss.edu.bo
202400353,7000353,"Romero Alvarez Valeria Valeria",INF110,"Introduccion a la Programacion",1,2/2026,docente.titular@fcyt.umss.edu.bo
202400354,7000354,"Torrico Gutierrez Daniela Ricardo",INF110,"Introduccion a la Programacion",1,2/2026,docente.titular@fcyt.umss.edu.bo
202400355,7000355,"Chavez Mendoza Daniela Camila",INF110,"Introduccion a la Programacion",1,2/2026,docente.titular@fcyt.umss.edu.bo
202400356,7000356,"Romero Lopez Maria Lucia",INF110,"Introduccion a la Programacion",1,2/2026,docente.titular@fcyt.umss.edu.bo
202400357,7000357,"Mamani Chavez Jorge Fernando",INF110,"Introduccion a la Programacion",1,2/2026,docente.titular@fcyt.umss.edu.bo
202400358,7000358,"Mendoza Chavez Ana Lucia",INF110,"Introduccion a la Programacion",1,2/2026,docente.titular@fcyt.umss.edu.bo
202400359,7000359,"Alvarez Mamani Miguel Ana",INF110,"Introduccion a la Programacion",1,2/2026,docente.titular@fcyt.umss.edu.bo
202400360,7000360,"Gomez Fernandez Diego Miguel",INF110,"Introduccion a la Programacion",1,2/2026,docente.titular@fcyt.umss.edu.bo
202400361,7000361,"Rodriguez Alvarez Camila Daniela",INF110,"Introduccion a la Programacion",1,2/2026,docente.titular@fcyt.umss.edu.bo
202400362,7000362,"Romero Rodriguez Miguel Andres",INF110,"Introduccion a la Programacion",1,2/2026,docente.titular@fcyt.umss.edu.bo
202400363,7000363,"Villarroel Villarroel Lucia Rodrigo",INF110,"Introduccion a la Programacion",1,2/2026,docente.titular@fcyt.umss.edu.bo
202400364,7000364,"Castillo Quispe Paola Ana",INF110,"Introduccion a la Programacion",1,2/2026,docente.titular@fcyt.umss.edu.bo
202400365,7000365,"Mamani Chavez Paola Andres",INF110,"Introduccion a la Programacion",1,2/2026,docente.titular@fcyt.umss.edu.bo
202400366,7000366,"Flores Torrico Miguel Gabriela",INF110,"Introduccion a la Programacion",1,2/2026,docente.titular@fcyt.umss.edu.bo
202400367,7000367,"Gutierrez Chavez Carlos Carlos",INF110,"Introduccion a la Programacion",1,2/2026,docente.titular@fcyt.umss.edu.bo
202400368,7000368,"Chavez Flores Fernando Jorge",INF110,"Introduccion a la Programacion",1,2/2026,docente.titular@fcyt.umss.edu.bo
202400369,7000369,"Perez Gomez Fernando Camila",INF110,"Introduccion a la Programacion",1,2/2026,docente.titular@fcyt.umss.edu.bo
202400370,7000370,"Gomez Mendoza Fernando Miguel",INF110,"Introduccion a la Programacion",1,2/2026,docente.titular@fcyt.umss.edu.bo
202400371,7000371,"Morales Quispe Carlos Maria",INF110,"Introduccion a la Programacion",1,2/2026,docente.titular@fcyt.umss.edu.bo
202400372,7000372,"Fernandez Lopez Jorge Pedro",INF110,"Introduccion a la Programacion",1,2/2026,docente.titular@fcyt.umss.edu.bo
202400373,7000373,"Romero Mamani Miguel Valeria",INF110,"Introduccion a la Programacion",1,2/2026,docente.titular@fcyt.umss.edu.bo
202400374,7000374,"Clarac Torrico Jorge Rodrigo",INF110,"Introduccion a la Programacion",1,2/2026,docente.titular@fcyt.umss.edu.bo
202400375,7000375,"Gutierrez Castillo Ricardo Diego",INF110,"Introduccion a la Programacion",1,2/2026,docente.titular@fcyt.umss.edu.bo
202400376,7000376,"Rojas Quispe Diego Juan",INF110,"Introduccion a la Programacion",1,2/2026,docente.titular@fcyt.umss.edu.bo
202400377,7000377,"Romero Clarac Juan Elena",INF110,"Introduccion a la Programacion",1,2/2026,docente.titular@fcyt.umss.edu.bo
202400378,7000378,"Alvarez Gomez Gabriela Gabriela",INF110,"Introduccion a la Programacion",1,2/2026,docente.titular@fcyt.umss.edu.bo
202400379,7000379,"Romero Morales Fernando Camila",INF110,"Introduccion a la Programacion",1,2/2026,docente.titular@fcyt.umss.edu.bo
202400380,7000380,"Perez Villarroel Diego Diego",INF110,"Introduccion a la Programacion",1,2/2026,docente.titular@fcyt.umss.edu.bo
202400381,7000381,"Fernandez Lopez Paola Paola",INF110,"Introduccion a la Programacion",1,2/2026,docente.titular@fcyt.umss.edu.bo
202400382,7000382,"Rojas Perez Fernando Daniela",INF110,"Introduccion a la Programacion",1,2/2026,docente.titular@fcyt.umss.edu.bo
202400383,7000383,"Flores Gomez Paola Juan",INF110,"Introduccion a la Programacion",1,2/2026,docente.titular@fcyt.umss.edu.bo
202400384,7000384,"Gutierrez Clarac Pedro Daniela",INF110,"Introduccion a la Programacion",1,2/2026,docente.titular@fcyt.umss.edu.bo
202400385,7000385,"Gutierrez Clarac Gabriela Fernando",INF110,"Introduccion a la Programacion",1,2/2026,docente.titular@fcyt.umss.edu.bo
202400386,7000386,"Gutierrez Mendoza Valeria Gabriela",INF110,"Introduccion a la Programacion",1,2/2026,docente.titular@fcyt.umss.edu.bo
202400387,7000387,"Flores Mendoza Pedro Maria",INF110,"Introduccion a la Programacion",1,2/2026,docente.titular@fcyt.umss.edu.bo
202400388,7000388,"Torrico Lopez Maria Gabriela",INF110,"Introduccion a la Programacion",1,2/2026,docente.titular@fcyt.umss.edu.bo
202400389,7000389,"Castillo Mendoza Fernando Jorge",INF110,"Introduccion a la Programacion",1,2/2026,docente.titular@fcyt.umss.edu.bo
202400390,7000390,"Mamani Flores Rodrigo Pedro",INF110,"Introduccion a la Programacion",1,2/2026,docente.titular@fcyt.umss.edu.bo
202400391,7000391,"Rojas Villarroel Lucia Ricardo",INF110,"Introduccion a la Programacion",1,2/2026,docente.titular@fcyt.umss.edu.bo
202400392,7000392,"Quispe Romero Sofia Juan",INF110,"Introduccion a la Programacion",1,2/2026,docente.titular@fcyt.umss.edu.bo
202400393,7000393,"Quispe Castillo Juan Ana",INF110,"Introduccion a la Programacion",1,2/2026,docente.titular@fcyt.umss.edu.bo
202400394,7000394,"Rojas Lopez Ana Pedro",INF110,"Introduccion a la Programacion",1,2/2026,docente.titular@fcyt.umss.edu.bo
202400395,7000395,"Perez Rojas Lucia Juan",INF110,"Introduccion a la Programacion",1,2/2026,docente.titular@fcyt.umss.edu.bo
202400396,7000396,"Chavez Chavez Camila Carlos",INF110,"Introduccion a la Programacion",1,2/2026,docente.titular@fcyt.umss.edu.bo
202400397,7000397,"Morales Clarac Juan Camila",INF110,"Introduccion a la Programacion",1,2/2026,docente.titular@fcyt.umss.edu.bo
202400398,7000398,"Flores Alvarez Rodrigo Jorge",INF110,"Introduccion a la Programacion",1,2/2026,docente.titular@fcyt.umss.edu.bo
202400399,7000399,"Mamani Alvarez Fernando Elena",INF110,"Introduccion a la Programacion",1,2/2026,docente.titular@fcyt.umss.edu.bo
202400400,7000400,"Mamani Quispe Ricardo Sofia",INF110,"Introduccion a la Programacion",1,2/2026,docente.titular@fcyt.umss.edu.bo
202400401,7000401,"Rojas Quispe Juan Fernando",INF110,"Introduccion a la Programacion",1,2/2026,docente.titular@fcyt.umss.edu.bo
202400402,7000402,"Chavez Lopez Juan Diego",INF110,"Introduccion a la Programacion",1,2/2026,docente.titular@fcyt.umss.edu.bo
202400403,7000403,"Rodriguez Quispe Lucia Juan",INF110,"Introduccion a la Programacion",1,2/2026,docente.titular@fcyt.umss.edu.bo
202400404,7000404,"Clarac Quispe Camila Carlos",INF110,"Introduccion a la Programacion",1,2/2026,docente.titular@fcyt.umss.edu.bo
202400405,7000405,"Quispe Lopez Maria Daniela",INF110,"Introduccion a la Programacion",1,2/2026,docente.titular@fcyt.umss.edu.bo
202400406,7000406,"Fernandez Fernandez Carlos Rodrigo",INF110,"Introduccion a la Programacion",1,2/2026,docente.titular@fcyt.umss.edu.bo
202400407,7000407,"Villarroel Torrico Miguel Paola",INF110,"Introduccion a la Programacion",1,2/2026,docente.titular@fcyt.umss.edu.bo
202400408,7000408,"Fernandez Fernandez Diego Valeria",INF110,"Introduccion a la Programacion",1,2/2026,docente.titular@fcyt.umss.edu.bo
202400409,7000409,"Gutierrez Mamani Camila Rodrigo",INF110,"Introduccion a la Programacion",1,2/2026,docente.titular@fcyt.umss.edu.bo
202400410,7000410,"Mendoza Clarac Gabriela Ana",INF110,"Introduccion a la Programacion",1,2/2026,docente.titular@fcyt.umss.edu.bo
202400411,7000411,"Rojas Rodriguez Sofia Jorge",INF110,"Introduccion a la Programacion",1,2/2026,docente.titular@fcyt.umss.edu.bo
202400412,7000412,"Quispe Flores Valeria Jorge",INF110,"Introduccion a la Programacion",1,2/2026,docente.titular@fcyt.umss.edu.bo
202400413,7000413,"Alvarez Quispe Paola Fernando",INF110,"Introduccion a la Programacion",1,2/2026,docente.titular@fcyt.umss.edu.bo
202400414,7000414,"Vargas Gutierrez Miguel Paola",INF110,"Introduccion a la Programacion",1,2/2026,docente.titular@fcyt.umss.edu.bo
202400415,7000415,"Chavez Mamani Paola Diego",INF110,"Introduccion a la Programacion",1,2/2026,docente.titular@fcyt.umss.edu.bo
202400416,7000416,"Perez Perez Miguel Sofia",INF110,"Introduccion a la Programacion",1,2/2026,docente.titular@fcyt.umss.edu.bo
202400417,7000417,"Romero Rojas Lucia Diego",INF110,"Introduccion a la Programacion",1,2/2026,docente.titular@fcyt.umss.edu.bo
202400418,7000418,"Gomez Mamani Sofia Sofia",INF110,"Introduccion a la Programacion",1,2/2026,docente.titular@fcyt.umss.edu.bo
202400419,7000419,"Gutierrez Gomez Rodrigo Elena",INF110,"Introduccion a la Programacion",1,2/2026,docente.titular@fcyt.umss.edu.bo
202400420,7000420,"Gutierrez Lopez Juan Daniela",INF110,"Introduccion a la Programacion",1,2/2026,docente.titular@fcyt.umss.edu.bo
202400421,7000421,"Perez Chavez Elena Andres",INF110,"Introduccion a la Programacion",1,2/2026,docente.titular@fcyt.umss.edu.bo
202400422,7000422,"Vargas Vargas Ricardo Gabriela",INF110,"Introduccion a la Programacion",1,2/2026,docente.titular@fcyt.umss.edu.bo
202400423,7000423,"Clarac Torrico Maria Sofia",INF110,"Introduccion a la Programacion",1,2/2026,docente.titular@fcyt.umss.edu.bo
202400424,7000424,"Gutierrez Gomez Pedro Sofia",INF110,"Introduccion a la Programacion",1,2/2026,docente.titular@fcyt.umss.edu.bo
202400425,7000425,"Mendoza Gomez Pedro Paola",INF110,"Introduccion a la Programacion",1,2/2026,docente.titular@fcyt.umss.edu.bo
202400426,7000426,"Alvarez Rodriguez Elena Lucia",INF110,"Introduccion a la Programacion",1,2/2026,docente.titular@fcyt.umss.edu.bo
202400427,7000427,"Fernandez Mamani Lucia Jorge",INF110,"Introduccion a la Programacion",1,2/2026,docente.titular@fcyt.umss.edu.bo
202400428,7000428,"Clarac Rodriguez Lucia Paola",INF110,"Introduccion a la Programacion",1,2/2026,docente.titular@fcyt.umss.edu.bo
202400429,7000429,"Vargas Villarroel Diego Fernando",INF110,"Introduccion a la Programacion",1,2/2026,docente.titular@fcyt.umss.edu.bo
202400430,7000430,"Perez Mendoza Sofia Paola",INF110,"Introduccion a la Programacion",1,2/2026,docente.titular@fcyt.umss.edu.bo
202400431,7000431,"Lopez Gomez Rodrigo Maria",INF110,"Introduccion a la Programacion",1,2/2026,docente.titular@fcyt.umss.edu.bo
202400432,7000432,"Vargas Alvarez Paola Ricardo",INF110,"Introduccion a la Programacion",1,2/2026,docente.titular@fcyt.umss.edu.bo
202400433,7000433,"Lopez Mendoza Carlos Pedro",INF110,"Introduccion a la Programacion",1,2/2026,docente.titular@fcyt.umss.edu.bo
202400434,7000434,"Rodriguez Clarac Lucia Maria",INF110,"Introduccion a la Programacion",1,2/2026,docente.titular@fcyt.umss.edu.bo
202400435,7000435,"Gutierrez Villarroel Jorge Paola",INF110,"Introduccion a la Programacion",1,2/2026,docente.titular@fcyt.umss.edu.bo
202400436,7000436,"Romero Gomez Fernando Fernando",INF110,"Introduccion a la Programacion",1,2/2026,docente.titular@fcyt.umss.edu.bo
202400437,7000437,"Fernandez Gomez Miguel Paola",INF110,"Introduccion a la Programacion",1,2/2026,docente.titular@fcyt.umss.edu.bo
202400438,7000438,"Rojas Morales Maria Sofia",INF110,"Introduccion a la Programacion",1,2/2026,docente.titular@fcyt.umss.edu.bo
202400439,7000439,"Chavez Perez Carlos Daniela",INF110,"Introduccion a la Programacion",1,2/2026,docente.titular@fcyt.umss.edu.bo
202400440,7000440,"Perez Rodriguez Ricardo Camila",INF110,"Introduccion a la Programacion",1,2/2026,docente.titular@fcyt.umss.edu.bo
202400441,7000441,"Fernandez Alvarez Valeria Maria",INF110,"Introduccion a la Programacion",1,2/2026,docente.titular@fcyt.umss.edu.bo
202400442,7000442,"Quispe Morales Diego Carlos",INF110,"Introduccion a la Programacion",1,2/2026,docente.titular@fcyt.umss.edu.bo
202400443,7000443,"Vargas Lopez Ana Diego",INF110,"Introduccion a la Programacion",1,2/2026,docente.titular@fcyt.umss.edu.bo
202400444,7000444,"Lopez Alvarez Fernando Gabriela",INF110,"Introduccion a la Programacion",1,2/2026,docente.titular@fcyt.umss.edu.bo
202400445,7000445,"Perez Flores Camila Ana",INF110,"Introduccion a la Programacion",1,2/2026,docente.titular@fcyt.umss.edu.bo
202400446,7000446,"Chavez Torrico Daniela Camila",INF110,"Introduccion a la Programacion",1,2/2026,docente.titular@fcyt.umss.edu.bo
202400447,7000447,"Clarac Fernandez Valeria Ricardo",INF110,"Introduccion a la Programacion",1,2/2026,docente.titular@fcyt.umss.edu.bo
202400448,7000448,"Flores Vargas Ana Lucia",INF110,"Introduccion a la Programacion",1,2/2026,docente.titular@fcyt.umss.edu.bo
202400449,7000449,"Mamani Lopez Lucia Daniela",INF110,"Introduccion a la Programacion",1,2/2026,docente.titular@fcyt.umss.edu.bo
202400450,7000450,"Rodriguez Fernandez Daniela Andres",INF110,"Introduccion a la Programacion",1,2/2026,docente.titular@fcyt.umss.edu.bo
202400451,7000451,"Flores Flores Paola Daniela",INF110,"Introduccion a la Programacion",1,2/2026,docente.titular@fcyt.umss.edu.bo
202400452,7000452,"Rodriguez Romero Sofia Fernando",INF110,"Introduccion a la Programacion",1,2/2026,docente.titular@fcyt.umss.edu.bo
202400453,7000453,"Lopez Rodriguez Camila Andres",INF110,"Introduccion a la Programacion",1,2/2026,docente.titular@fcyt.umss.edu.bo
202400454,7000454,"Flores Flores Paola Diego",INF110,"Introduccion a la Programacion",1,2/2026,docente.titular@fcyt.umss.edu.bo
202400455,7000455,"Flores Castillo Juan Diego",INF110,"Introduccion a la Programacion",1,2/2026,docente.titular@fcyt.umss.edu.bo
202400456,7000456,"Chavez Mamani Rodrigo Fernando",INF110,"Introduccion a la Programacion",1,2/2026,docente.titular@fcyt.umss.edu.bo
202400457,7000457,"Villarroel Mendoza Valeria Gabriela",INF110,"Introduccion a la Programacion",1,2/2026,docente.titular@fcyt.umss.edu.bo
202400458,7000458,"Rojas Clarac Diego Lucia",INF110,"Introduccion a la Programacion",1,2/2026,docente.titular@fcyt.umss.edu.bo
202400459,7000459,"Chavez Vargas Andres Elena",INF110,"Introduccion a la Programacion",1,2/2026,docente.titular@fcyt.umss.edu.bo
202400460,7000460,"Clarac Villarroel Daniela Andres",INF110,"Introduccion a la Programacion",1,2/2026,docente.titular@fcyt.umss.edu.bo
202400461,7000461,"Perez Alvarez Sofia Juan",INF110,"Introduccion a la Programacion",1,2/2026,docente.titular@fcyt.umss.edu.bo
202400462,7000462,"Quispe Lopez Carlos Lucia",INF110,"Introduccion a la Programacion",1,2/2026,docente.titular@fcyt.umss.edu.bo
202400463,7000463,"Torrico Mamani Gabriela Elena",INF110,"Introduccion a la Programacion",1,2/2026,docente.titular@fcyt.umss.edu.bo
202400464,7000464,"Chavez Vargas Daniela Lucia",INF110,"Introduccion a la Programacion",1,2/2026,docente.titular@fcyt.umss.edu.bo
202400465,7000465,"Fernandez Lopez Jorge Paola",INF110,"Introduccion a la Programacion",1,2/2026,docente.titular@fcyt.umss.edu.bo
202400466,7000466,"Gomez Flores Camila Diego",INF110,"Introduccion a la Programacion",1,2/2026,docente.titular@fcyt.umss.edu.bo
202400467,7000467,"Castillo Villarroel Elena Ana",INF110,"Introduccion a la Programacion",1,2/2026,docente.titular@fcyt.umss.edu.bo
202400468,7000468,"Mendoza Quispe Ricardo Sofia",INF110,"Introduccion a la Programacion",1,2/2026,docente.titular@fcyt.umss.edu.bo
202400469,7000469,"Clarac Romero Jorge Andres",INF110,"Introduccion a la Programacion",1,2/2026,docente.titular@fcyt.umss.edu.bo
202400470,7000470,"Mendoza Perez Diego Paola",INF110,"Introduccion a la Programacion",1,2/2026,docente.titular@fcyt.umss.edu.bo
202400471,7000471,"Clarac Gomez Fernando Sofia",INF110,"Introduccion a la Programacion",1,2/2026,docente.titular@fcyt.umss.edu.bo
202400472,7000472,"Torrico Flores Andres Pedro",INF110,"Introduccion a la Programacion",1,2/2026,docente.titular@fcyt.umss.edu.bo
202400473,7000473,"Lopez Lopez Ana Andres",INF110,"Introduccion a la Programacion",1,2/2026,docente.titular@fcyt.umss.edu.bo
202400474,7000474,"Gutierrez Gomez Carlos Pedro",INF110,"Introduccion a la Programacion",1,2/2026,docente.titular@fcyt.umss.edu.bo
202400475,7000475,"Gutierrez Gomez Diego Maria",INF110,"Introduccion a la Programacion",1,2/2026,docente.titular@fcyt.umss.edu.bo
202400476,7000476,"Villarroel Gutierrez Carlos Andres",INF110,"Introduccion a la Programacion",1,2/2026,docente.titular@fcyt.umss.edu.bo
202400477,7000477,"Romero Gomez Lucia Ana",INF110,"Introduccion a la Programacion",1,2/2026,docente.titular@fcyt.umss.edu.bo
202400478,7000478,"Romero Torrico Rodrigo Elena",INF110,"Introduccion a la Programacion",1,2/2026,docente.titular@fcyt.umss.edu.bo
202400479,7000479,"Mendoza Fernandez Ana Paola",INF110,"Introduccion a la Programacion",1,2/2026,docente.titular@fcyt.umss.edu.bo
202400480,7000480,"Castillo Lopez Daniela Daniela",INF110,"Introduccion a la Programacion",1,2/2026,docente.titular@fcyt.umss.edu.bo
202400481,7000481,"Romero Chavez Paola Lucia",INF110,"Introduccion a la Programacion",1,2/2026,docente.titular@fcyt.umss.edu.bo
202400482,7000482,"Mendoza Mamani Miguel Maria",INF110,"Introduccion a la Programacion",1,2/2026,docente.titular@fcyt.umss.edu.bo
202400483,7000483,"Gutierrez Romero Miguel Fernando",INF110,"Introduccion a la Programacion",1,2/2026,docente.titular@fcyt.umss.edu.bo
202400484,7000484,"Mendoza Villarroel Camila Camila",INF110,"Introduccion a la Programacion",1,2/2026,docente.titular@fcyt.umss.edu.bo
202400485,7000485,"Morales Quispe Pedro Paola",INF110,"Introduccion a la Programacion",1,2/2026,docente.titular@fcyt.umss.edu.bo
202400486,7000486,"Villarroel Lopez Carlos Elena",INF110,"Introduccion a la Programacion",1,2/2026,docente.titular@fcyt.umss.edu.bo
202400487,7000487,"Perez Fernandez Fernando Andres",INF110,"Introduccion a la Programacion",1,2/2026,docente.titular@fcyt.umss.edu.bo
202400488,7000488,"Gomez Gutierrez Sofia Maria",INF110,"Introduccion a la Programacion",1,2/2026,docente.titular@fcyt.umss.edu.bo
202400489,7000489,"Flores Gutierrez Fernando Jorge",INF110,"Introduccion a la Programacion",1,2/2026,docente.titular@fcyt.umss.edu.bo
202400490,7000490,"Quispe Rodriguez Lucia Camila",INF110,"Introduccion a la Programacion",1,2/2026,docente.titular@fcyt.umss.edu.bo
202400491,7000491,"Lopez Rodriguez Diego Miguel",INF110,"Introduccion a la Programacion",1,2/2026,docente.titular@fcyt.umss.edu.bo
202400492,7000492,"Rojas Fernandez Valeria Rodrigo",INF110,"Introduccion a la Programacion",1,2/2026,docente.titular@fcyt.umss.edu.bo
202400493,7000493,"Rodriguez Lopez Juan Carlos",INF110,"Introduccion a la Programacion",1,2/2026,docente.titular@fcyt.umss.edu.bo
202400494,7000494,"Romero Rojas Daniela Valeria",INF110,"Introduccion a la Programacion",1,2/2026,docente.titular@fcyt.umss.edu.bo
202400495,7000495,"Chavez Gomez Diego Daniela",INF110,"Introduccion a la Programacion",1,2/2026,docente.titular@fcyt.umss.edu.bo
202400496,7000496,"Fernandez Vargas Jorge Carlos",INF110,"Introduccion a la Programacion",1,2/2026,docente.titular@fcyt.umss.edu.bo
202400497,7000497,"Flores Gomez Andres Fernando",INF110,"Introduccion a la Programacion",1,2/2026,docente.titular@fcyt.umss.edu.bo
202400498,7000498,"Villarroel Clarac Daniela Diego",INF110,"Introduccion a la Programacion",1,2/2026,docente.titular@fcyt.umss.edu.bo
202400499,7000499,"Lopez Mamani Lucia Sofia",INF110,"Introduccion a la Programacion",1,2/2026,docente.titular@fcyt.umss.edu.bo
202400500,7000500,"Castillo Romero Lucia Ricardo",INF110,"Introduccion a la Programacion",1,2/2026,docente.titular@fcyt.umss.edu.bo
